id;produto;categoria;variante_index;variacao;preco
1;Mangueira Gotejadora Jurussu;Mangueiras Gotejadoras;0;10cm • 1,0 L/h/gotejador • bobina 200m;72,60
1;Mangueira Gotejadora Jurussu;Mangueiras Gotejadoras;1;10cm • 1,5 L/h/gotejador • bobina 200m;75,50
1;Mangueira Gotejadora Jurussu;Mangueiras Gotejadoras;2;10cm • 2,6 L/h/gotejador • bobina 200m;79,13
1;Mangueira Gotejadora Jurussu;Mangueiras Gotejadoras;3;10cm • 4,0 L/h/gotejador • bobina 200m;83,49
1;Mangueira Gotejadora Jurussu;Mangueiras Gotejadoras;4;15cm • 1,0 L/h/gotejador • bobina 200m;66,00
1;Mangueira Gotejadora Jurussu;Mangueiras Gotejadoras;5;15cm • 1,5 L/h/gotejador • bobina 200m;68,64
1;Mangueira Gotejadora Jurussu;Mangueiras Gotejadoras;6;15cm • 2,6 L/h/gotejador • bobina 200m;71,94
1;Mangueira Gotejadora Jurussu;Mangueiras Gotejadoras;7;15cm • 4,0 L/h/gotejador • bobina 200m;75,90
1;Mangueira Gotejadora Jurussu;Mangueiras Gotejadoras;8;20cm • 1,0 L/h/gotejador • bobina 200m;60,50
1;Mangueira Gotejadora Jurussu;Mangueiras Gotejadoras;9;20cm • 1,5 L/h/gotejador • bobina 200m;62,92
1;Mangueira Gotejadora Jurussu;Mangueiras Gotejadoras;10;20cm • 2,6 L/h/gotejador • bobina 200m;65,95
1;Mangueira Gotejadora Jurussu;Mangueiras Gotejadoras;11;20cm • 4,0 L/h/gotejador • bobina 200m;69,58
1;Mangueira Gotejadora Jurussu;Mangueiras Gotejadoras;12;30cm • 1,0 L/h/gotejador • bobina 200m;55,00
1;Mangueira Gotejadora Jurussu;Mangueiras Gotejadoras;13;30cm • 1,5 L/h/gotejador • bobina 200m;57,20
1;Mangueira Gotejadora Jurussu;Mangueiras Gotejadoras;14;30cm • 2,6 L/h/gotejador • bobina 200m;59,95
1;Mangueira Gotejadora Jurussu;Mangueiras Gotejadoras;15;30cm • 4,0 L/h/gotejador • bobina 200m;63,25
1;Mangueira Gotejadora Jurussu;Mangueiras Gotejadoras;16;40cm • 1,0 L/h/gotejador • bobina 200m;50,60
1;Mangueira Gotejadora Jurussu;Mangueiras Gotejadoras;17;40cm • 1,5 L/h/gotejador • bobina 200m;52,62
1;Mangueira Gotejadora Jurussu;Mangueiras Gotejadoras;18;40cm • 2,6 L/h/gotejador • bobina 200m;55,15
1;Mangueira Gotejadora Jurussu;Mangueiras Gotejadoras;19;40cm • 4,0 L/h/gotejador • bobina 200m;58,19
1;Mangueira Gotejadora Jurussu;Mangueiras Gotejadoras;20;50cm • 1,0 L/h/gotejador • bobina 200m;46,75
1;Mangueira Gotejadora Jurussu;Mangueiras Gotejadoras;21;50cm • 1,5 L/h/gotejador • bobina 200m;48,62
1;Mangueira Gotejadora Jurussu;Mangueiras Gotejadoras;22;50cm • 2,6 L/h/gotejador • bobina 200m;50,96
1;Mangueira Gotejadora Jurussu;Mangueiras Gotejadoras;23;50cm • 4,0 L/h/gotejador • bobina 200m;53,76
2;Mangueira Gotejadora Tiquira;Mangueiras Gotejadoras;0;10cm • 1,0 L/h/gotejador • bobina 200m;89,76
2;Mangueira Gotejadora Tiquira;Mangueiras Gotejadoras;1;10cm • 1,5 L/h/gotejador • bobina 200m;93,35
2;Mangueira Gotejadora Tiquira;Mangueiras Gotejadoras;2;10cm • 2,6 L/h/gotejador • bobina 200m;97,84
2;Mangueira Gotejadora Tiquira;Mangueiras Gotejadoras;3;10cm • 4,0 L/h/gotejador • bobina 200m;103,22
2;Mangueira Gotejadora Tiquira;Mangueiras Gotejadoras;4;15cm • 1,0 L/h/gotejador • bobina 200m;81,60
2;Mangueira Gotejadora Tiquira;Mangueiras Gotejadoras;5;15cm • 1,5 L/h/gotejador • bobina 200m;84,86
2;Mangueira Gotejadora Tiquira;Mangueiras Gotejadoras;6;15cm • 2,6 L/h/gotejador • bobina 200m;88,94
2;Mangueira Gotejadora Tiquira;Mangueiras Gotejadoras;7;15cm • 4,0 L/h/gotejador • bobina 200m;93,84
2;Mangueira Gotejadora Tiquira;Mangueiras Gotejadoras;8;20cm • 1,0 L/h/gotejador • bobina 200m;74,80
2;Mangueira Gotejadora Tiquira;Mangueiras Gotejadoras;9;20cm • 1,5 L/h/gotejador • bobina 200m;77,79
2;Mangueira Gotejadora Tiquira;Mangueiras Gotejadoras;10;20cm • 2,6 L/h/gotejador • bobina 200m;81,53
2;Mangueira Gotejadora Tiquira;Mangueiras Gotejadoras;11;20cm • 4,0 L/h/gotejador • bobina 200m;86,02
2;Mangueira Gotejadora Tiquira;Mangueiras Gotejadoras;12;30cm • 1,0 L/h/gotejador • bobina 200m;68,00
2;Mangueira Gotejadora Tiquira;Mangueiras Gotejadoras;13;30cm • 1,5 L/h/gotejador • bobina 200m;70,72
2;Mangueira Gotejadora Tiquira;Mangueiras Gotejadoras;14;30cm • 2,6 L/h/gotejador • bobina 200m;74,12
2;Mangueira Gotejadora Tiquira;Mangueiras Gotejadoras;15;30cm • 4,0 L/h/gotejador • bobina 200m;78,20
2;Mangueira Gotejadora Tiquira;Mangueiras Gotejadoras;16;40cm • 1,0 L/h/gotejador • bobina 200m;62,56
2;Mangueira Gotejadora Tiquira;Mangueiras Gotejadoras;17;40cm • 1,5 L/h/gotejador • bobina 200m;65,06
2;Mangueira Gotejadora Tiquira;Mangueiras Gotejadoras;18;40cm • 2,6 L/h/gotejador • bobina 200m;68,19
2;Mangueira Gotejadora Tiquira;Mangueiras Gotejadoras;19;40cm • 4,0 L/h/gotejador • bobina 200m;71,94
2;Mangueira Gotejadora Tiquira;Mangueiras Gotejadoras;20;50cm • 1,0 L/h/gotejador • bobina 200m;57,80
2;Mangueira Gotejadora Tiquira;Mangueiras Gotejadoras;21;50cm • 1,5 L/h/gotejador • bobina 200m;60,11
2;Mangueira Gotejadora Tiquira;Mangueiras Gotejadoras;22;50cm • 2,6 L/h/gotejador • bobina 200m;63,00
2;Mangueira Gotejadora Tiquira;Mangueiras Gotejadoras;23;50cm • 4,0 L/h/gotejador • bobina 200m;66,47
2;Mangueira Gotejadora Tiquira;Mangueiras Gotejadoras;24;99cm • 1,0 L/h/gotejador • bobina 200m;47,60
2;Mangueira Gotejadora Tiquira;Mangueiras Gotejadoras;25;99cm • 1,5 L/h/gotejador • bobina 200m;49,50
2;Mangueira Gotejadora Tiquira;Mangueiras Gotejadoras;26;99cm • 2,6 L/h/gotejador • bobina 200m;51,88
2;Mangueira Gotejadora Tiquira;Mangueiras Gotejadoras;27;99cm • 4,0 L/h/gotejador • bobina 200m;54,74
3;Mangueira Gotejadora Manári;Mangueiras Gotejadoras;0;10cm • 1,0 L/h/gotejador • bobina 200m;116,16
3;Mangueira Gotejadora Manári;Mangueiras Gotejadoras;1;10cm • 1,5 L/h/gotejador • bobina 200m;120,81
3;Mangueira Gotejadora Manári;Mangueiras Gotejadoras;2;10cm • 2,6 L/h/gotejador • bobina 200m;126,61
3;Mangueira Gotejadora Manári;Mangueiras Gotejadoras;3;10cm • 4,0 L/h/gotejador • bobina 200m;133,58
3;Mangueira Gotejadora Manári;Mangueiras Gotejadoras;4;15cm • 1,0 L/h/gotejador • bobina 200m;105,60
3;Mangueira Gotejadora Manári;Mangueiras Gotejadoras;5;15cm • 1,5 L/h/gotejador • bobina 200m;109,82
3;Mangueira Gotejadora Manári;Mangueiras Gotejadoras;6;15cm • 2,6 L/h/gotejador • bobina 200m;115,10
3;Mangueira Gotejadora Manári;Mangueiras Gotejadoras;7;15cm • 4,0 L/h/gotejador • bobina 200m;121,44
3;Mangueira Gotejadora Manári;Mangueiras Gotejadoras;8;20cm • 1,0 L/h/gotejador • bobina 200m;96,80
3;Mangueira Gotejadora Manári;Mangueiras Gotejadoras;9;20cm • 1,5 L/h/gotejador • bobina 200m;100,67
3;Mangueira Gotejadora Manári;Mangueiras Gotejadoras;10;20cm • 2,6 L/h/gotejador • bobina 200m;105,51
3;Mangueira Gotejadora Manári;Mangueiras Gotejadoras;11;20cm • 4,0 L/h/gotejador • bobina 200m;111,32
3;Mangueira Gotejadora Manári;Mangueiras Gotejadoras;12;30cm • 1,0 L/h/gotejador • bobina 200m;88,00
3;Mangueira Gotejadora Manári;Mangueiras Gotejadoras;13;30cm • 1,5 L/h/gotejador • bobina 200m;91,52
3;Mangueira Gotejadora Manári;Mangueiras Gotejadoras;14;30cm • 2,6 L/h/gotejador • bobina 200m;95,92
3;Mangueira Gotejadora Manári;Mangueiras Gotejadoras;15;30cm • 4,0 L/h/gotejador • bobina 200m;101,20
3;Mangueira Gotejadora Manári;Mangueiras Gotejadoras;16;40cm • 1,0 L/h/gotejador • bobina 200m;80,96
3;Mangueira Gotejadora Manári;Mangueiras Gotejadoras;17;40cm • 1,5 L/h/gotejador • bobina 200m;84,20
3;Mangueira Gotejadora Manári;Mangueiras Gotejadoras;18;40cm • 2,6 L/h/gotejador • bobina 200m;88,25
3;Mangueira Gotejadora Manári;Mangueiras Gotejadoras;19;40cm • 4,0 L/h/gotejador • bobina 200m;93,10
3;Mangueira Gotejadora Manári;Mangueiras Gotejadoras;20;50cm • 1,0 L/h/gotejador • bobina 200m;74,80
3;Mangueira Gotejadora Manári;Mangueiras Gotejadoras;21;50cm • 1,5 L/h/gotejador • bobina 200m;77,79
3;Mangueira Gotejadora Manári;Mangueiras Gotejadoras;22;50cm • 2,6 L/h/gotejador • bobina 200m;81,53
3;Mangueira Gotejadora Manári;Mangueiras Gotejadoras;23;50cm • 4,0 L/h/gotejador • bobina 200m;86,02
3;Mangueira Gotejadora Manári;Mangueiras Gotejadoras;24;99cm • 1,0 L/h/gotejador • bobina 200m;61,60
3;Mangueira Gotejadora Manári;Mangueiras Gotejadoras;25;99cm • 1,5 L/h/gotejador • bobina 200m;64,06
3;Mangueira Gotejadora Manári;Mangueiras Gotejadoras;26;99cm • 2,6 L/h/gotejador • bobina 200m;67,14
3;Mangueira Gotejadora Manári;Mangueiras Gotejadoras;27;99cm • 4,0 L/h/gotejador • bobina 200m;70,84
4;Mangueira Gotejadora Amandi;Mangueiras Gotejadoras;0;15cm • 1,0 L/h/gotejador • bobina 200m;174,00
4;Mangueira Gotejadora Amandi;Mangueiras Gotejadoras;1;15cm • 1,5 L/h/gotejador • bobina 200m;180,96
4;Mangueira Gotejadora Amandi;Mangueiras Gotejadoras;2;15cm • 2,6 L/h/gotejador • bobina 200m;189,66
4;Mangueira Gotejadora Amandi;Mangueiras Gotejadoras;3;15cm • 4,0 L/h/gotejador • bobina 200m;200,10
4;Mangueira Gotejadora Amandi;Mangueiras Gotejadoras;4;20cm • 1,0 L/h/gotejador • bobina 200m;159,50
4;Mangueira Gotejadora Amandi;Mangueiras Gotejadoras;5;20cm • 1,5 L/h/gotejador • bobina 200m;165,88
4;Mangueira Gotejadora Amandi;Mangueiras Gotejadoras;6;20cm • 2,6 L/h/gotejador • bobina 200m;173,86
4;Mangueira Gotejadora Amandi;Mangueiras Gotejadoras;7;20cm • 4,0 L/h/gotejador • bobina 200m;183,43
4;Mangueira Gotejadora Amandi;Mangueiras Gotejadoras;8;30cm • 1,0 L/h/gotejador • bobina 200m;145,00
4;Mangueira Gotejadora Amandi;Mangueiras Gotejadoras;9;30cm • 1,5 L/h/gotejador • bobina 200m;150,80
4;Mangueira Gotejadora Amandi;Mangueiras Gotejadoras;10;30cm • 2,6 L/h/gotejador • bobina 200m;158,05
4;Mangueira Gotejadora Amandi;Mangueiras Gotejadoras;11;30cm • 4,0 L/h/gotejador • bobina 200m;166,75
4;Mangueira Gotejadora Amandi;Mangueiras Gotejadoras;12;40cm • 1,0 L/h/gotejador • bobina 200m;133,40
4;Mangueira Gotejadora Amandi;Mangueiras Gotejadoras;13;40cm • 1,5 L/h/gotejador • bobina 200m;138,74
4;Mangueira Gotejadora Amandi;Mangueiras Gotejadoras;14;40cm • 2,6 L/h/gotejador • bobina 200m;145,41
4;Mangueira Gotejadora Amandi;Mangueiras Gotejadoras;15;40cm • 4,0 L/h/gotejador • bobina 200m;153,41
4;Mangueira Gotejadora Amandi;Mangueiras Gotejadoras;16;50cm • 1,0 L/h/gotejador • bobina 200m;123,25
4;Mangueira Gotejadora Amandi;Mangueiras Gotejadoras;17;50cm • 1,5 L/h/gotejador • bobina 200m;128,18
4;Mangueira Gotejadora Amandi;Mangueiras Gotejadoras;18;50cm • 2,6 L/h/gotejador • bobina 200m;134,34
4;Mangueira Gotejadora Amandi;Mangueiras Gotejadoras;19;50cm • 4,0 L/h/gotejador • bobina 200m;141,74
5;Mangueira de Polietileno Durázio;Mangueira de Polietileno;0;Diâmetro 13mm — bobina 200m;42,00
5;Mangueira de Polietileno Durázio;Mangueira de Polietileno;1;Diâmetro 13mm — bobina 600m;118,00
5;Mangueira de Polietileno Durázio;Mangueira de Polietileno;2;Diâmetro 16mm — bobina 100m;26,00
5;Mangueira de Polietileno Durázio;Mangueira de Polietileno;3;Diâmetro 16mm — bobina 500m;122,00
5;Mangueira de Polietileno Durázio;Mangueira de Polietileno;4;Diâmetro 20mm — bobina 200m;64,00
5;Mangueira de Polietileno Durázio;Mangueira de Polietileno;5;Diâmetro 26mm — bobina 100m;40,00
6;Microaspersor Tinkó;Microaspersores;0;Preto — 40L/h a 20m.c.a (pacote 200un);68,00
6;Microaspersor Tinkó;Microaspersores;1;Verde-claro — 50L/h a 20m.c.a (pacote 200un);70,00
6;Microaspersor Tinkó;Microaspersores;2;Branco — 60L/h a 20m.c.a (pacote 200un);72,00
6;Microaspersor Tinkó;Microaspersores;3;Amarelo — 70L/h a 20m.c.a (pacote 200un);74,00
6;Microaspersor Tinkó;Microaspersores;4;Marrom — 80L/h a 20m.c.a (pacote 200un);76,00
6;Microaspersor Tinkó;Microaspersores;5;Roxo — 90L/h a 20m.c.a (pacote 200un);79,00
6;Microaspersor Tinkó;Microaspersores;6;Verde — 100L/h a 20m.c.a (pacote 200un);82,00
6;Microaspersor Tinkó;Microaspersores;7;Rosa — 110L/h a 20m.c.a (pacote 200un);85,00
6;Microaspersor Tinkó;Microaspersores;8;Laranja — 130L/h a 20m.c.a (pacote 200un);90,00
6;Microaspersor Tinkó;Microaspersores;9;Azul — 170L/h a 20m.c.a (pacote 200un);98,00
7;Microaspersor Tuná (invertido);Microaspersores;0;Preto — 40L/h a 20m.c.a (pacote 200un);73,00
7;Microaspersor Tuná (invertido);Microaspersores;1;Verde-claro — 50L/h a 20m.c.a (pacote 200un);76,00
7;Microaspersor Tuná (invertido);Microaspersores;2;Branco — 60L/h a 20m.c.a (pacote 200un);78,00
7;Microaspersor Tuná (invertido);Microaspersores;3;Amarelo — 70L/h a 20m.c.a (pacote 200un);80,00
7;Microaspersor Tuná (invertido);Microaspersores;4;Marrom — 80L/h a 20m.c.a (pacote 200un);82,00
7;Microaspersor Tuná (invertido);Microaspersores;5;Roxo — 90L/h a 20m.c.a (pacote 200un);85,00
7;Microaspersor Tuná (invertido);Microaspersores;6;Verde — 100L/h a 20m.c.a (pacote 200un);89,00
7;Microaspersor Tuná (invertido);Microaspersores;7;Rosa — 110L/h a 20m.c.a (pacote 200un);92,00
7;Microaspersor Tuná (invertido);Microaspersores;8;Laranja — 130L/h a 20m.c.a (pacote 200un);97,00
7;Microaspersor Tuná (invertido);Microaspersores;9;Azul — 170L/h a 20m.c.a (pacote 200un);106,00
8;Microaspersor Itoman;Microaspersores;0;Modelo A001 — 30L/h a 20m.c.a (pacote 200un);102,00
8;Microaspersor Itoman;Microaspersores;1;Modelo A002 — 40L/h a 20m.c.a (pacote 200un);106,00
8;Microaspersor Itoman;Microaspersores;2;Modelo A003 — 50L/h a 20m.c.a (pacote 200un);110,00
8;Microaspersor Itoman;Microaspersores;3;Modelo A004 — 60L/h a 20m.c.a (pacote 200un);114,00
8;Microaspersor Itoman;Microaspersores;4;Modelo A005 — 70L/h a 20m.c.a (pacote 200un);118,00
8;Microaspersor Itoman;Microaspersores;5;Modelo A006 — 100L/h a 20m.c.a (pacote 200un);128,00
8;Microaspersor Itoman;Microaspersores;6;Modelo A007 — 130L/h a 20m.c.a (pacote 200un);138,00
8;Microaspersor Itoman;Microaspersores;7;Modelo A008 — 170L/h a 20m.c.a (pacote 200un);150,00
9;Conector 4mm para Micro-tubo;Acessórios para Microaspersão;0;Pacote com 500un;48,00
9;Conector 4mm para Micro-tubo;Acessórios para Microaspersão;1;Caixa com 5000un;430,00
10;Estaca para Microaspersor;Acessórios para Microaspersão;0;30cm — pacote com 200un;135,00
10;Estaca para Microaspersor;Acessórios para Microaspersão;1;60cm — pacote com 200un;185,00
11;Micro-tubo para Microaspersor;Acessórios para Microaspersão;0;60cm com conector — pacote 200un;95,00
11;Micro-tubo para Microaspersor;Acessórios para Microaspersão;1;100cm com conector — pacote 200un;135,00
11;Micro-tubo para Microaspersor;Acessórios para Microaspersão;2;4mm em rolo com 400m;220,00
12;Manômetro com Glicerina;Equipamentos de Aferição;0;Escala 20 m.c.a.;36,00
12;Manômetro com Glicerina;Equipamentos de Aferição;1;Escala 60 m.c.a.;39,00
12;Manômetro com Glicerina;Equipamentos de Aferição;2;Escala 100 m.c.a.;45,00
13;Flexível para Manômetro com Trava;Equipamentos de Aferição;0;Unidade avulsa;24,00
13;Flexível para Manômetro com Trava;Equipamentos de Aferição;1;Pacote com 10 un;220,80
13;Flexível para Manômetro com Trava;Equipamentos de Aferição;2;Caixa com 20 un;408,00
14;Válvula para Checar Pressão;Equipamentos de Aferição;0;Unidade avulsa;15,00
14;Válvula para Checar Pressão;Equipamentos de Aferição;1;Pacote com 10 un;138,00
14;Válvula para Checar Pressão;Equipamentos de Aferição;2;Caixa com 100 un;1275,00
15;Válvula para Checar Pressão no Final de Linha;Equipamentos de Aferição;0;Unidade avulsa;19,00
15;Válvula para Checar Pressão no Final de Linha;Equipamentos de Aferição;1;Pacote com 10 un;174,80
15;Válvula para Checar Pressão no Final de Linha;Equipamentos de Aferição;2;Caixa com 100 un;1615,00
16;Inicial com Porca (Passagem Reduzida/Plena);Conexões;0;Unidade avulsa;1,20
16;Inicial com Porca (Passagem Reduzida/Plena);Conexões;1;Pacote com 100 un;110,40
16;Inicial com Porca (Passagem Reduzida/Plena);Conexões;2;Caixa com 600 un;612,00
17;Inicial com Redutor de Pressão com Porca;Conexões;0;Unidade avulsa;2,80
17;Inicial com Redutor de Pressão com Porca;Conexões;1;Pacote com 50 un;128,80
17;Inicial com Redutor de Pressão com Porca;Conexões;2;Caixa com 200 un;476,00
18;União com Porca;Conexões;0;Unidade avulsa;1,50
18;União com Porca;Conexões;1;Pacote com 100 un;138,00
18;União com Porca;Conexões;2;Caixa com 400 un;510,00
19;Tampão Final com Porca;Conexões;0;Unidade avulsa;1,10
19;Tampão Final com Porca;Conexões;1;Pacote com 100 un;101,20
19;Tampão Final com Porca;Conexões;2;Caixa com 600 un;561,00
20;Válvula de Descarga com Porca;Conexões;0;Unidade avulsa;3,20
20;Válvula de Descarga com Porca;Conexões;1;Pacote com 50 un;147,20
20;Válvula de Descarga com Porca;Conexões;2;Caixa com 200 un;544,00
21;Inicial com Anel e Passagem Reduzida;Conexões;0;Unidade avulsa;0,90
21;Inicial com Anel e Passagem Reduzida;Conexões;1;Pacote com 100 un;82,80
21;Inicial com Anel e Passagem Reduzida;Conexões;2;Caixa com 600 un;459,00
22;Inicial com Anel e Passagem Plena;Conexões;0;Unidade avulsa;0,95
22;Inicial com Anel e Passagem Plena;Conexões;1;Pacote com 100 un;87,40
22;Inicial com Anel e Passagem Plena;Conexões;2;Caixa com 600 un;484,50
23;União com Anel;Conexões;0;Unidade avulsa;1,30
23;União com Anel;Conexões;1;Pacote com 100 un;119,60
23;União com Anel;Conexões;2;Caixa com 600 un;663,00
24;Inicial/União com Registro e Porca;Conexões;0;Unidade avulsa;6,50
24;Inicial/União com Registro e Porca;Conexões;1;Pacote com 50 un;299,00
24;Inicial/União com Registro e Porca;Conexões;2;Caixa com 200 un;1105,00
25;Inicial com Registro e Anel;Conexões;0;Unidade avulsa;6,80
25;Inicial com Registro e Anel;Conexões;1;Pacote com 50 un;312,80
25;Inicial com Registro e Anel;Conexões;2;Caixa com 200 un;1156,00
26;Anel Vedante;Conexões;0;Unidade avulsa;0,35
26;Anel Vedante;Conexões;1;Pacote com 100 un;32,20
26;Anel Vedante;Conexões;2;Caixa com 5000 un;1487,50
27;Tampão para Anel Vedante;Conexões;0;Unidade avulsa;0,55
27;Tampão para Anel Vedante;Conexões;1;Pacote com 100 un;50,60
27;Tampão para Anel Vedante;Conexões;2;Caixa com 5000 un;2337,50
28;Válvula de Ar Cinética;Válvulas, Filtros e Instalação;0;3/4";27,00
28;Válvula de Ar Cinética;Válvulas, Filtros e Instalação;1;1";32,00
29;Filtro de Discos;Válvulas, Filtros e Instalação;0;1.1/2" — 15m³/h;168,00
29;Filtro de Discos;Válvulas, Filtros e Instalação;1;2" — 15m³/h;198,00
30;Broca Especial para Instalação;Válvulas, Filtros e Instalação;0;14mm;46,00
30;Broca Especial para Instalação;Válvulas, Filtros e Instalação;1;17mm;49,00
31;Injetor Venturi;Injetores;0;3/4" (Q: 1.131 L/h);98,00
31;Injetor Venturi;Injetores;1;1" (Q: 3.085 L/h);145,00
31;Injetor Venturi;Injetores;2;1.1/2" (Q: 5.813 L/h);265,00
31;Injetor Venturi;Injetores;3;2" (Q: 18.774 L/h);495,00
32;Mini Aspersor TIGRE Pingo 360;Aspersores TIGRE;0;Bocal 2400;18,00
32;Mini Aspersor TIGRE Pingo 360;Aspersores TIGRE;1;Bocal 2420;18,00
32;Mini Aspersor TIGRE Pingo 360;Aspersores TIGRE;2;Bocal 2600;18,50
32;Mini Aspersor TIGRE Pingo 360;Aspersores TIGRE;3;Bocal 2624;18,50
32;Mini Aspersor TIGRE Pingo 360;Aspersores TIGRE;4;Bocal 2800;19,00
32;Mini Aspersor TIGRE Pingo 360;Aspersores TIGRE;5;Bocal 2824;19,00
32;Mini Aspersor TIGRE Pingo 360;Aspersores TIGRE;6;Bocal 3026;19,50
32;Mini Aspersor TIGRE Pingo 360;Aspersores TIGRE;7;Bocal 3226;20,00
32;Mini Aspersor TIGRE Pingo 360;Aspersores TIGRE;8;Bocal 3426;20,50
32;Mini Aspersor TIGRE Pingo 360;Aspersores TIGRE;9;Bocal 3600;21,00
32;Mini Aspersor TIGRE Pingo 360;Aspersores TIGRE;10;Bocal 3628;21,00
32;Mini Aspersor TIGRE Pingo 360;Aspersores TIGRE;11;Bocal 4032;22,00
32;Mini Aspersor TIGRE Pingo 360;Aspersores TIGRE;12;Sem Bocal;16,50
33;Mini Aspersor TIGRE Pingo 360 Sem Parafuso;Aspersores TIGRE;0;Bocal 2420E;19,00
33;Mini Aspersor TIGRE Pingo 360 Sem Parafuso;Aspersores TIGRE;1;Bocal 2424E;19,00
33;Mini Aspersor TIGRE Pingo 360 Sem Parafuso;Aspersores TIGRE;2;Bocal 2620E;19,50
33;Mini Aspersor TIGRE Pingo 360 Sem Parafuso;Aspersores TIGRE;3;Bocal 2624E;19,50
33;Mini Aspersor TIGRE Pingo 360 Sem Parafuso;Aspersores TIGRE;4;Bocal 2820E;20,00
33;Mini Aspersor TIGRE Pingo 360 Sem Parafuso;Aspersores TIGRE;5;Bocal 2824E;20,00
33;Mini Aspersor TIGRE Pingo 360 Sem Parafuso;Aspersores TIGRE;6;Bocal 3020E;20,50
34;Mini Aspersor TIGRE Pingo Setorial;Aspersores TIGRE;0;Bocal 3,0;22,00
34;Mini Aspersor TIGRE Pingo Setorial;Aspersores TIGRE;1;Bocal 3,2;22,50
34;Mini Aspersor TIGRE Pingo Setorial;Aspersores TIGRE;2;Bocal 3,4;22,50
34;Mini Aspersor TIGRE Pingo Setorial;Aspersores TIGRE;3;Bocal 3,6;23,00
34;Mini Aspersor TIGRE Pingo Setorial;Aspersores TIGRE;4;Bocal 3,8;23,00
34;Mini Aspersor TIGRE Pingo Setorial;Aspersores TIGRE;5;Bocal 4,0;23,50
35;Aspersor TIGRE MIDI 360;Aspersores TIGRE;0;3/4" F 3626;48,00
35;Aspersor TIGRE MIDI 360;Aspersores TIGRE;1;1" F 3626;49,00
35;Aspersor TIGRE MIDI 360;Aspersores TIGRE;2;3/4" F 4028;50,00
35;Aspersor TIGRE MIDI 360;Aspersores TIGRE;3;1" F 4028;51,00
35;Aspersor TIGRE MIDI 360;Aspersores TIGRE;4;3/4" F 4432;52,00
35;Aspersor TIGRE MIDI 360;Aspersores TIGRE;5;1" F 4432;53,00
35;Aspersor TIGRE MIDI 360;Aspersores TIGRE;6;3/4" F 4832;54,00
35;Aspersor TIGRE MIDI 360;Aspersores TIGRE;7;1" F 4832;55,00
35;Aspersor TIGRE MIDI 360;Aspersores TIGRE;8;1" F 5232;57,00
35;Aspersor TIGRE MIDI 360;Aspersores TIGRE;9;3/4" F 5632;58,00
35;Aspersor TIGRE MIDI 360;Aspersores TIGRE;10;1" F 5632;59,00
35;Aspersor TIGRE MIDI 360;Aspersores TIGRE;11;3/4" Sem Bocal;44,00
35;Aspersor TIGRE MIDI 360;Aspersores TIGRE;12;1" F Sem Bocal;45,00
36;Aspersor TIGRE MIDI Setorial;Aspersores TIGRE;0;3/4" F 3,6;50,00
36;Aspersor TIGRE MIDI Setorial;Aspersores TIGRE;1;1" F 3,6;51,00
36;Aspersor TIGRE MIDI Setorial;Aspersores TIGRE;2;1" F 4,4;52,00
36;Aspersor TIGRE MIDI Setorial;Aspersores TIGRE;3;1" F 5,2;54,00
36;Aspersor TIGRE MIDI Setorial;Aspersores TIGRE;4;1" F 6,0;56,00
36;Aspersor TIGRE MIDI Setorial;Aspersores TIGRE;5;1" F 7,2;58,00
36;Aspersor TIGRE MIDI Setorial;Aspersores TIGRE;6;3/4" F Sem Bocal;46,00
36;Aspersor TIGRE MIDI Setorial;Aspersores TIGRE;7;1" F Sem Bocal;47,00
36;Aspersor TIGRE MIDI Setorial;Aspersores TIGRE;8;3/4" F 4,4;52,00
36;Aspersor TIGRE MIDI Setorial;Aspersores TIGRE;9;3/4" F 7,2;58,00
37;Aspersor TIGRE ECO;Aspersores TIGRE;0;Bocal 4028;62,00
37;Aspersor TIGRE ECO;Aspersores TIGRE;1;Bocal 4230;63,00
37;Aspersor TIGRE ECO;Aspersores TIGRE;2;Bocal 4432;64,00
37;Aspersor TIGRE ECO;Aspersores TIGRE;3;Bocal 4832;66,00
37;Aspersor TIGRE ECO;Aspersores TIGRE;4;Bocal 5232;68,00
37;Aspersor TIGRE ECO;Aspersores TIGRE;5;Bocal 5632;70,00
37;Aspersor TIGRE ECO;Aspersores TIGRE;6;Bocal 5836;71,00
37;Aspersor TIGRE ECO;Aspersores TIGRE;7;Bocal 6432;74,00
37;Aspersor TIGRE ECO;Aspersores TIGRE;8;Bocal 6640;76,00
37;Aspersor TIGRE ECO;Aspersores TIGRE;9;Sem Bocal;58,00
38;Bocal TIGRE Pingo (avulso);Acessórios para Aspersão;0;Bitola 2,4mm;3,20
38;Bocal TIGRE Pingo (avulso);Acessórios para Aspersão;1;Bitola 2,6mm;3,20
38;Bocal TIGRE Pingo (avulso);Acessórios para Aspersão;2;Bitola 2,8mm;3,30
38;Bocal TIGRE Pingo (avulso);Acessórios para Aspersão;3;Bitola 3,0mm;3,30
38;Bocal TIGRE Pingo (avulso);Acessórios para Aspersão;4;Bitola 3,2mm;3,40
38;Bocal TIGRE Pingo (avulso);Acessórios para Aspersão;5;Bitola 3,4mm;3,40
38;Bocal TIGRE Pingo (avulso);Acessórios para Aspersão;6;Bitola 3,6mm;3,50
38;Bocal TIGRE Pingo (avulso);Acessórios para Aspersão;7;Bitola 3,8mm;3,50
38;Bocal TIGRE Pingo (avulso);Acessórios para Aspersão;8;Bitola 4,0mm;3,60
38;Bocal TIGRE Pingo (avulso);Acessórios para Aspersão;9;Tampão (bitola 4,0mm);2,80
39;Bocal Aspersor TIGRE ECO/MIDI (avulso);Acessórios para Aspersão;0;Bitola 2,8mm;4,20
39;Bocal Aspersor TIGRE ECO/MIDI (avulso);Acessórios para Aspersão;1;Bitola 3,0mm;4,20
39;Bocal Aspersor TIGRE ECO/MIDI (avulso);Acessórios para Aspersão;2;Bitola 3,2mm;4,30
39;Bocal Aspersor TIGRE ECO/MIDI (avulso);Acessórios para Aspersão;3;Bitola 3,4mm;4,30
39;Bocal Aspersor TIGRE ECO/MIDI (avulso);Acessórios para Aspersão;4;Bitola 3,6mm;4,40
39;Bocal Aspersor TIGRE ECO/MIDI (avulso);Acessórios para Aspersão;5;Bitola 3,8mm;4,40
39;Bocal Aspersor TIGRE ECO/MIDI (avulso);Acessórios para Aspersão;6;Bitola 4,0mm;4,50
39;Bocal Aspersor TIGRE ECO/MIDI (avulso);Acessórios para Aspersão;7;Bitola 4,2mm;4,50
39;Bocal Aspersor TIGRE ECO/MIDI (avulso);Acessórios para Aspersão;8;Bitola 4,4mm;4,60
39;Bocal Aspersor TIGRE ECO/MIDI (avulso);Acessórios para Aspersão;9;Bitola 4,6mm;4,60
39;Bocal Aspersor TIGRE ECO/MIDI (avulso);Acessórios para Aspersão;10;Bitola 4,8mm;4,70
39;Bocal Aspersor TIGRE ECO/MIDI (avulso);Acessórios para Aspersão;11;Bitola 5,0mm;4,70
39;Bocal Aspersor TIGRE ECO/MIDI (avulso);Acessórios para Aspersão;12;Bitola 5,2mm;4,80
39;Bocal Aspersor TIGRE ECO/MIDI (avulso);Acessórios para Aspersão;13;Bitola 5,4mm;4,80
39;Bocal Aspersor TIGRE ECO/MIDI (avulso);Acessórios para Aspersão;14;Bitola 5,6mm;4,90
39;Bocal Aspersor TIGRE ECO/MIDI (avulso);Acessórios para Aspersão;15;Bitola 5,8mm;4,90
39;Bocal Aspersor TIGRE ECO/MIDI (avulso);Acessórios para Aspersão;16;Bitola 6,0mm;5,00
39;Bocal Aspersor TIGRE ECO/MIDI (avulso);Acessórios para Aspersão;17;Bitola 6,2mm;5,00
39;Bocal Aspersor TIGRE ECO/MIDI (avulso);Acessórios para Aspersão;18;Bitola 6,4mm;5,10
39;Bocal Aspersor TIGRE ECO/MIDI (avulso);Acessórios para Aspersão;19;Bitola 6,6mm;5,10
39;Bocal Aspersor TIGRE ECO/MIDI (avulso);Acessórios para Aspersão;20;Bitola 6,8mm;5,20
39;Bocal Aspersor TIGRE ECO/MIDI (avulso);Acessórios para Aspersão;21;Bitola 7,0mm;5,20
39;Bocal Aspersor TIGRE ECO/MIDI (avulso);Acessórios para Aspersão;22;Bitola 7,2mm;5,30
39;Bocal Aspersor TIGRE ECO/MIDI (avulso);Acessórios para Aspersão;23;Bitola 7,6mm;5,40
39;Bocal Aspersor TIGRE ECO/MIDI (avulso);Acessórios para Aspersão;24;Bitola 8,0mm;5,50
40;Bocal Dispersor TIGRE Pingo/MIDI;Acessórios para Aspersão;0;Bitola 2,0mm;5,50
40;Bocal Dispersor TIGRE Pingo/MIDI;Acessórios para Aspersão;1;Bitola 2,4mm;5,50
40;Bocal Dispersor TIGRE Pingo/MIDI;Acessórios para Aspersão;2;Bitola 2,6mm;5,60
40;Bocal Dispersor TIGRE Pingo/MIDI;Acessórios para Aspersão;3;Bitola 2,8mm;5,60
40;Bocal Dispersor TIGRE Pingo/MIDI;Acessórios para Aspersão;4;Bitola 3,0mm;5,70
40;Bocal Dispersor TIGRE Pingo/MIDI;Acessórios para Aspersão;5;Bitola 3,2mm;5,70
40;Bocal Dispersor TIGRE Pingo/MIDI;Acessórios para Aspersão;6;Bitola 3,4mm;5,80
40;Bocal Dispersor TIGRE Pingo/MIDI;Acessórios para Aspersão;7;Bitola 3,6mm;5,80
40;Bocal Dispersor TIGRE Pingo/MIDI;Acessórios para Aspersão;8;Bitola 3,8mm;5,90
40;Bocal Dispersor TIGRE Pingo/MIDI;Acessórios para Aspersão;9;Bitola 4,0mm;5,90
40;Bocal Dispersor TIGRE Pingo/MIDI;Acessórios para Aspersão;10;Bitola 2,0E;5,50
40;Bocal Dispersor TIGRE Pingo/MIDI;Acessórios para Aspersão;11;Bitola 2,4E;5,50
41;Mecanismo Quebra Jato ECO/MIDI;Acessórios para Aspersão;0;Unidade avulsa;12,00
42;Mecanismo de Reversão Pingo;Acessórios para Aspersão;0;Unidade avulsa;18,00
43;Mecanismo de Reversão MIDI;Acessórios para Aspersão;0;Unidade avulsa;22,00
44;Adaptador Aspersor Pingo;Acessórios para Aspersão;0;1/2" x 3/4";4,50
44;Adaptador Aspersor Pingo;Acessórios para Aspersão;1;1/2" x 1";4,90
45;SempreVerde Grama;Linha SempreVerde;0;90°;15,50
45;SempreVerde Grama;Linha SempreVerde;1;180°;16,00
45;SempreVerde Grama;Linha SempreVerde;2;360°;17,00
46;SempreVerde Tubo;Linha SempreVerde;0;90°;16,50
46;SempreVerde Tubo;Linha SempreVerde;1;180°;17,00
46;SempreVerde Tubo;Linha SempreVerde;2;360°;18,00
47;Tubo Irriga LF PN 40 PBL;Tubos e Conexões Irriga LF;0;Bitola 35mm — barra 6m;22,00
47;Tubo Irriga LF PN 40 PBL;Tubos e Conexões Irriga LF;1;Bitola 50mm — barra 6m;32,00
47;Tubo Irriga LF PN 40 PBL;Tubos e Conexões Irriga LF;2;Bitola 75mm — barra 6m;45,00
47;Tubo Irriga LF PN 40 PBL;Tubos e Conexões Irriga LF;3;Bitola 100mm — barra 6m;62,00
47;Tubo Irriga LF PN 40 PBL;Tubos e Conexões Irriga LF;4;Bitola 125mm — barra 6m;82,00
47;Tubo Irriga LF PN 40 PBL;Tubos e Conexões Irriga LF;5;Bitola 150mm — barra 6m;112,00
48;Tubo Irriga LF PN 60 PBL;Tubos e Conexões Irriga LF;0;Bitola 35mm — barra 6m;27,00
48;Tubo Irriga LF PN 60 PBL;Tubos e Conexões Irriga LF;1;Bitola 50mm — barra 6m;39,00
48;Tubo Irriga LF PN 60 PBL;Tubos e Conexões Irriga LF;2;Bitola 75mm — barra 6m;55,00
48;Tubo Irriga LF PN 60 PBL;Tubos e Conexões Irriga LF;3;Bitola 100mm — barra 6m;76,00
48;Tubo Irriga LF PN 60 PBL;Tubos e Conexões Irriga LF;4;Bitola 125mm — barra 6m;100,00
48;Tubo Irriga LF PN 60 PBL;Tubos e Conexões Irriga LF;5;Bitola 150mm — barra 6m;137,00
49;Tubo Irriga LF PN 80 PBL;Tubos e Conexões Irriga LF;0;Bitola 50mm — barra 6m;48,00
49;Tubo Irriga LF PN 80 PBL;Tubos e Conexões Irriga LF;1;Bitola 75mm — barra 6m;68,00
49;Tubo Irriga LF PN 80 PBL;Tubos e Conexões Irriga LF;2;Bitola 100mm — barra 6m;94,00
49;Tubo Irriga LF PN 80 PBL;Tubos e Conexões Irriga LF;3;Bitola 150mm — barra 6m;170,00
50;Tubo Irriga LF PN 125 PBL;Tubos e Conexões Irriga LF;0;Bitola 50mm — barra 6m;62,00
50;Tubo Irriga LF PN 125 PBL;Tubos e Conexões Irriga LF;1;Bitola 75mm — barra 6m;88,00
50;Tubo Irriga LF PN 125 PBL;Tubos e Conexões Irriga LF;2;Bitola 100mm — barra 6m;122,00
50;Tubo Irriga LF PN 125 PBL;Tubos e Conexões Irriga LF;3;Bitola 125mm — barra 6m;158,00
50;Tubo Irriga LF PN 125 PBL;Tubos e Conexões Irriga LF;4;Bitola 150mm — barra 6m;210,00
51;Adaptador BS x PR Longo Irriga LF;Tubos e Conexões Irriga LF;0;50mm x 1.1/2";18,00
51;Adaptador BS x PR Longo Irriga LF;Tubos e Conexões Irriga LF;1;75mm x 2.1/2";32,00
52;Adaptador BS x RM Curto Irriga LF;Tubos e Conexões Irriga LF;0;35mm x 1.1/2";14,00
52;Adaptador BS x RM Curto Irriga LF;Tubos e Conexões Irriga LF;1;50mm x 2";19,00
52;Adaptador BS x RM Curto Irriga LF;Tubos e Conexões Irriga LF;2;75mm x 3";28,00
52;Adaptador BS x RM Curto Irriga LF;Tubos e Conexões Irriga LF;3;100mm x 4";42,00
52;Adaptador BS x RM Curto Irriga LF;Tubos e Conexões Irriga LF;4;150mm x 6";85,00
53;Bucha de Redução Curta Irriga LF;Tubos e Conexões Irriga LF;0;50mm x 35mm;9,00
53;Bucha de Redução Curta Irriga LF;Tubos e Conexões Irriga LF;1;75mm x 50mm;14,00
54;CAP Soldável Irriga LF;Tubos e Conexões Irriga LF;0;35mm;8,00
54;CAP Soldável Irriga LF;Tubos e Conexões Irriga LF;1;50mm;12,00
54;CAP Soldável Irriga LF;Tubos e Conexões Irriga LF;2;75mm;18,00
54;CAP Soldável Irriga LF;Tubos e Conexões Irriga LF;3;100mm;28,00
54;CAP Soldável Irriga LF;Tubos e Conexões Irriga LF;4;125mm;42,00
54;CAP Soldável Irriga LF;Tubos e Conexões Irriga LF;5;150mm;62,00
55;Curva 45° PTA/BSA Soldável Irriga LF;Tubos e Conexões Irriga LF;0;35mm;14,00
55;Curva 45° PTA/BSA Soldável Irriga LF;Tubos e Conexões Irriga LF;1;50mm;19,00
55;Curva 45° PTA/BSA Soldável Irriga LF;Tubos e Conexões Irriga LF;2;75mm;28,00
55;Curva 45° PTA/BSA Soldável Irriga LF;Tubos e Conexões Irriga LF;3;100mm;42,00
55;Curva 45° PTA/BSA Soldável Irriga LF;Tubos e Conexões Irriga LF;4;125mm;68,00
55;Curva 45° PTA/BSA Soldável Irriga LF;Tubos e Conexões Irriga LF;5;150mm;95,00
56;Curva 90° PTA/BSA Soldável Irriga LF;Tubos e Conexões Irriga LF;0;35mm;15,00
56;Curva 90° PTA/BSA Soldável Irriga LF;Tubos e Conexões Irriga LF;1;50mm;21,00
56;Curva 90° PTA/BSA Soldável Irriga LF;Tubos e Conexões Irriga LF;2;75mm;30,00
56;Curva 90° PTA/BSA Soldável Irriga LF;Tubos e Conexões Irriga LF;3;100mm;45,00
56;Curva 90° PTA/BSA Soldável Irriga LF;Tubos e Conexões Irriga LF;4;125mm;72,00
56;Curva 90° PTA/BSA Soldável Irriga LF;Tubos e Conexões Irriga LF;5;150mm;102,00
57;Luva de Correr Irriga LF PN 125;Tubos e Conexões Irriga LF;0;50mm;22,00
57;Luva de Correr Irriga LF PN 125;Tubos e Conexões Irriga LF;1;75mm;32,00
57;Luva de Correr Irriga LF PN 125;Tubos e Conexões Irriga LF;2;100mm;45,00
58;Luva de Correr Irriga LF PN 80;Tubos e Conexões Irriga LF;0;125mm;48,00
58;Luva de Correr Irriga LF PN 80;Tubos e Conexões Irriga LF;1;150mm;62,00
59;Luva Soldável Irriga LF;Tubos e Conexões Irriga LF;0;35mm;9,00
59;Luva Soldável Irriga LF;Tubos e Conexões Irriga LF;1;50mm;13,00
59;Luva Soldável Irriga LF;Tubos e Conexões Irriga LF;2;75mm;19,00
59;Luva Soldável Irriga LF;Tubos e Conexões Irriga LF;3;100mm;28,00
59;Luva Soldável Irriga LF;Tubos e Conexões Irriga LF;4;125mm;42,00
59;Luva Soldável Irriga LF;Tubos e Conexões Irriga LF;5;150mm;58,00
60;Redução BSA Soldável Irriga LF PN 80;Tubos e Conexões Irriga LF;0;50mm x 35mm;12,00
60;Redução BSA Soldável Irriga LF PN 80;Tubos e Conexões Irriga LF;1;75mm x 50mm;16,00
60;Redução BSA Soldável Irriga LF PN 80;Tubos e Conexões Irriga LF;2;100mm x 50mm;19,00
60;Redução BSA Soldável Irriga LF PN 80;Tubos e Conexões Irriga LF;3;100mm x 75mm;22,00
60;Redução BSA Soldável Irriga LF PN 80;Tubos e Conexões Irriga LF;4;125mm x 100mm;32,00
60;Redução BSA Soldável Irriga LF PN 80;Tubos e Conexões Irriga LF;5;150mm x 100mm;42,00
60;Redução BSA Soldável Irriga LF PN 80;Tubos e Conexões Irriga LF;6;150mm x 125mm;48,00
61;Redução BSA Soldável Irriga LF PN 125;Tubos e Conexões Irriga LF;0;75mm x 50mm;22,00
61;Redução BSA Soldável Irriga LF PN 125;Tubos e Conexões Irriga LF;1;100mm x 50mm;28,00
61;Redução BSA Soldável Irriga LF PN 125;Tubos e Conexões Irriga LF;2;100mm x 75mm;32,00
62;Tê Soldável Irriga LF;Tubos e Conexões Irriga LF;0;35mm;16,00
62;Tê Soldável Irriga LF;Tubos e Conexões Irriga LF;1;50mm;24,00
62;Tê Soldável Irriga LF;Tubos e Conexões Irriga LF;2;75mm;36,00
62;Tê Soldável Irriga LF;Tubos e Conexões Irriga LF;3;100mm;55,00
62;Tê Soldável Irriga LF;Tubos e Conexões Irriga LF;4;125mm*;85,00
62;Tê Soldável Irriga LF;Tubos e Conexões Irriga LF;5;150mm*;115,00
63;Tê com Rosca Derivação Irriga LF;Tubos e Conexões Irriga LF;0;35mm x 1";18,00
63;Tê com Rosca Derivação Irriga LF;Tubos e Conexões Irriga LF;1;50mm x 3/4";22,00
63;Tê com Rosca Derivação Irriga LF;Tubos e Conexões Irriga LF;2;50mm x 1";24,00
63;Tê com Rosca Derivação Irriga LF;Tubos e Conexões Irriga LF;3;50mm x 1.1/2";28,00
63;Tê com Rosca Derivação Irriga LF;Tubos e Conexões Irriga LF;4;75mm x 1.1/2";38,00
63;Tê com Rosca Derivação Irriga LF;Tubos e Conexões Irriga LF;5;75mm x 2.1/2";48,00
63;Tê com Rosca Derivação Irriga LF;Tubos e Conexões Irriga LF;6;100mm x 1.1/2";58,00
64;Tê BSA Soldável Irriga LF PN 125;Tubos e Conexões Irriga LF;0;50mm;45,00
64;Tê BSA Soldável Irriga LF PN 125;Tubos e Conexões Irriga LF;1;75mm;62,00
64;Tê BSA Soldável Irriga LF PN 125;Tubos e Conexões Irriga LF;2;100mm;85,00
65;Tê de Redução BSA Soldável Irriga LF;Tubos e Conexões Irriga LF;0;75mm x 50mm;26,00
65;Tê de Redução BSA Soldável Irriga LF;Tubos e Conexões Irriga LF;1;100mm x 50mm;32,00
65;Tê de Redução BSA Soldável Irriga LF;Tubos e Conexões Irriga LF;2;100mm x 75mm;36,00
65;Tê de Redução BSA Soldável Irriga LF;Tubos e Conexões Irriga LF;3;150mm x 100mm*;78,00
65;Tê de Redução BSA Soldável Irriga LF;Tubos e Conexões Irriga LF;4;150mm x 125mm*;92,00
66;Tê de Redução BSA Soldável Irriga LF PN 125;Tubos e Conexões Irriga LF;0;75mm x 50mm;48,00
66;Tê de Redução BSA Soldável Irriga LF PN 125;Tubos e Conexões Irriga LF;1;100mm x 50mm;58,00
66;Tê de Redução BSA Soldável Irriga LF PN 125;Tubos e Conexões Irriga LF;2;100mm x 75mm;68,00
67;Junta de Borracha Vedação Irriga LF;Tubos e Conexões Irriga LF;0;50mm;6,00
67;Junta de Borracha Vedação Irriga LF;Tubos e Conexões Irriga LF;1;75mm;8,00
67;Junta de Borracha Vedação Irriga LF;Tubos e Conexões Irriga LF;2;100mm;11,00
67;Junta de Borracha Vedação Irriga LF;Tubos e Conexões Irriga LF;3;125mm;14,00
67;Junta de Borracha Vedação Irriga LF;Tubos e Conexões Irriga LF;4;150mm;18,00
68;Registro de Esfera VS Soldável Irriga;Tubos e Conexões Irriga LF;0;20mm;22,00
68;Registro de Esfera VS Soldável Irriga;Tubos e Conexões Irriga LF;1;25mm;26,00
68;Registro de Esfera VS Soldável Irriga;Tubos e Conexões Irriga LF;2;32mm;32,00
68;Registro de Esfera VS Soldável Irriga;Tubos e Conexões Irriga LF;3;35mm;36,00
68;Registro de Esfera VS Soldável Irriga;Tubos e Conexões Irriga LF;4;50mm;48,00
68;Registro de Esfera VS Soldável Irriga;Tubos e Conexões Irriga LF;5;75mm;78,00
69;Registro de Esfera VS Roscável Irriga;Tubos e Conexões Irriga LF;0;3/4";35,00
69;Registro de Esfera VS Roscável Irriga;Tubos e Conexões Irriga LF;1;1";45,00
69;Registro de Esfera VS Roscável Irriga;Tubos e Conexões Irriga LF;2;1.1/2";68,00
69;Registro de Esfera VS Roscável Irriga;Tubos e Conexões Irriga LF;3;2";98,00
70;Tubo Irriga EP;Linha Portátil Irriga EP;0;2" — barra 6m;145,00
70;Tubo Irriga EP;Linha Portátil Irriga EP;1;3" — barra 6m;175,00
71;Acoplamento Rápido Aspersor Irriga EP;Linha Portátil Irriga EP;0;1";38,00
72;Adaptador Fêmea Irriga EP;Linha Portátil Irriga EP;0;2";32,00
72;Adaptador Fêmea Irriga EP;Linha Portátil Irriga EP;1;2" x 1.1/2";36,00
72;Adaptador Fêmea Irriga EP;Linha Portátil Irriga EP;2;3";42,00
72;Adaptador Fêmea Irriga EP;Linha Portátil Irriga EP;3;3" x 2.1/2";48,00
73;Adaptador Macho Irriga EP;Linha Portátil Irriga EP;0;2";30,00
73;Adaptador Macho Irriga EP;Linha Portátil Irriga EP;1;2" x 1.1/2";34,00
73;Adaptador Macho Irriga EP;Linha Portátil Irriga EP;2;3";40,00
74;Bucha de Redução para Saída Aspersor Irriga EP;Linha Portátil Irriga EP;0;1.1/2" x 1";18,00
75;CAP Fêmea Irriga EP;Linha Portátil Irriga EP;0;2";42,00
75;CAP Fêmea Irriga EP;Linha Portátil Irriga EP;1;3";55,00
76;CAP Macho Irriga EP;Linha Portátil Irriga EP;0;2";38,00
76;CAP Macho Irriga EP;Linha Portátil Irriga EP;1;3";50,00
77;Curva 45° Irriga EP;Linha Portátil Irriga EP;0;2";55,00
77;Curva 45° Irriga EP;Linha Portátil Irriga EP;1;3";75,00
78;Curva 90° Irriga EP;Linha Portátil Irriga EP;0;2";62,00
78;Curva 90° Irriga EP;Linha Portátil Irriga EP;1;3";85,00
79;Derivação Rosca Irriga EP;Linha Portátil Irriga EP;0;2" x 2";68,00
79;Derivação Rosca Irriga EP;Linha Portátil Irriga EP;1;3" x 2";85,00
80;Derivação Saída Fêmea Irriga EP;Linha Portátil Irriga EP;0;2";72,00
80;Derivação Saída Fêmea Irriga EP;Linha Portátil Irriga EP;1;3";95,00
80;Derivação Saída Fêmea Irriga EP;Linha Portátil Irriga EP;2;3" x 2";88,00
81;Junta de Borracha Vedação Irriga EP/ES;Linha Portátil Irriga EP/ES;0;2";8,00
81;Junta de Borracha Vedação Irriga EP/ES;Linha Portátil Irriga EP/ES;1;3";11,00
81;Junta de Borracha Vedação Irriga EP/ES;Linha Portátil Irriga EP/ES;2;4";15,00
82;Ponta Fêmea Irriga EP;Linha Portátil Irriga EP;0;2";35,00
82;Ponta Fêmea Irriga EP;Linha Portátil Irriga EP;1;3";45,00
83;Ponta Macho Irriga EP;Linha Portátil Irriga EP;0;2";32,00
83;Ponta Macho Irriga EP;Linha Portátil Irriga EP;1;3";42,00
84;Redução Fêmea/Macho Irriga EP;Linha Portátil Irriga EP;0;3" x 2";48,00
85;Saída Aspersor Irriga EP;Linha Portátil Irriga EP;0;2" x 3/4";58,00
85;Saída Aspersor Irriga EP;Linha Portátil Irriga EP;1;2" x 1";62,00
85;Saída Aspersor Irriga EP;Linha Portátil Irriga EP;2;2" x 1.1/2";65,00
85;Saída Aspersor Irriga EP;Linha Portátil Irriga EP;3;3" x 1";72,00
85;Saída Aspersor Irriga EP;Linha Portátil Irriga EP;4;3" x 1.1/2";75,00
85;Saída Aspersor Irriga EP;Linha Portátil Irriga EP;5;3" x 2.1/2";85,00
85;Saída Aspersor Irriga EP;Linha Portátil Irriga EP;6;4" x 1";95,00
85;Saída Aspersor Irriga EP;Linha Portátil Irriga EP;7;4" x 1.1/2";98,00
85;Saída Aspersor Irriga EP;Linha Portátil Irriga EP;8;4" x 2.1/2";105,00
86;Subida Aspersor Roscável Irriga EP;Linha Portátil Irriga EP;0;3/4" — 0,5m;28,00
86;Subida Aspersor Roscável Irriga EP;Linha Portátil Irriga EP;1;1" — 0,5m;32,00
86;Subida Aspersor Roscável Irriga EP;Linha Portátil Irriga EP;2;3/4" — 1,0m;42,00
86;Subida Aspersor Roscável Irriga EP;Linha Portátil Irriga EP;3;1" — 1,0m;48,00
87;Válvula para Aspersor Irriga EP;Linha Portátil Irriga EP;0;1";45,00
88;Tubo Irriga ES Sem Engate;Linha Portátil Irriga ES;0;2" — barra 6m;155,00
88;Tubo Irriga ES Sem Engate;Linha Portátil Irriga ES;1;3" — barra 6m;185,00
88;Tubo Irriga ES Sem Engate;Linha Portátil Irriga ES;2;4" — barra 6m;225,00
89;Adaptador Fêmea Irriga ES;Linha Portátil Irriga ES;0;2";38,00
89;Adaptador Fêmea Irriga ES;Linha Portátil Irriga ES;1;3";48,00
89;Adaptador Fêmea Irriga ES;Linha Portátil Irriga ES;2;4";62,00
90;Adaptador Macho Irriga ES;Linha Portátil Irriga ES;0;2";42,00
90;Adaptador Macho Irriga ES;Linha Portátil Irriga ES;1;3";55,00
90;Adaptador Macho Irriga ES;Linha Portátil Irriga ES;2;4";68,00
91;Cap Fêmea Irriga ES;Linha Portátil Irriga ES;0;2";45,00
91;Cap Fêmea Irriga ES;Linha Portátil Irriga ES;1;3";58,00
91;Cap Fêmea Irriga ES;Linha Portátil Irriga ES;2;4";72,00
92;Cap Macho Irriga ES;Linha Portátil Irriga ES;0;2";48,00
92;Cap Macho Irriga ES;Linha Portátil Irriga ES;1;3";62,00
92;Cap Macho Irriga ES;Linha Portátil Irriga ES;2;4";78,00
93;Curva 45° Irriga ES;Linha Portátil Irriga ES;0;2";65,00
93;Curva 45° Irriga ES;Linha Portátil Irriga ES;1;3";85,00
93;Curva 45° Irriga ES;Linha Portátil Irriga ES;2;4";105,00
94;Curva 90° Irriga ES;Linha Portátil Irriga ES;0;2";72,00
94;Curva 90° Irriga ES;Linha Portátil Irriga ES;1;3";95,00
94;Curva 90° Irriga ES;Linha Portátil Irriga ES;2;4";118,00
95;Derivação Rosca Irriga ES;Linha Portátil Irriga ES;0;3" x 2";88,00
95;Derivação Rosca Irriga ES;Linha Portátil Irriga ES;1;4" x 2";98,00
95;Derivação Rosca Irriga ES;Linha Portátil Irriga ES;2;4" x 3";105,00
96;Derivação Saída Fêmea Irriga ES;Linha Portátil Irriga ES;0;2" x 2";92,00
96;Derivação Saída Fêmea Irriga ES;Linha Portátil Irriga ES;1;3" x 2";102,00
96;Derivação Saída Fêmea Irriga ES;Linha Portátil Irriga ES;2;3" x 3";112,00
96;Derivação Saída Fêmea Irriga ES;Linha Portátil Irriga ES;3;4" x 2";115,00
96;Derivação Saída Fêmea Irriga ES;Linha Portátil Irriga ES;4;4" x 3";122,00
96;Derivação Saída Fêmea Irriga ES;Linha Portátil Irriga ES;5;4" x 4";135,00
97;Engate Sela Metálico Irriga ES;Linha Portátil Irriga ES;0;2";55,00
97;Engate Sela Metálico Irriga ES;Linha Portátil Irriga ES;1;3";68,00
97;Engate Sela Metálico Irriga ES;Linha Portátil Irriga ES;2;4";82,00
98;Ponta Fêmea Irriga ES;Linha Portátil Irriga ES;0;2";38,00
98;Ponta Fêmea Irriga ES;Linha Portátil Irriga ES;1;3";48,00
98;Ponta Fêmea Irriga ES;Linha Portátil Irriga ES;2;4";62,00
99;Ponta Macho Irriga ES;Linha Portátil Irriga ES;0;2";42,00
99;Ponta Macho Irriga ES;Linha Portátil Irriga ES;1;3";52,00
99;Ponta Macho Irriga ES;Linha Portátil Irriga ES;2;4";65,00
100;Redução Macho/Fêmea Irriga ES;Linha Portátil Irriga ES;0;3" x 2";58,00
100;Redução Macho/Fêmea Irriga ES;Linha Portátil Irriga ES;1;4" x 3";72,00
101;Saída Aspersor Irriga ES;Linha Portátil Irriga ES;0;2" x 3/4";62,00
101;Saída Aspersor Irriga ES;Linha Portátil Irriga ES;1;2" x 1";68,00
101;Saída Aspersor Irriga ES;Linha Portátil Irriga ES;2;2" x 1.1/2";72,00
101;Saída Aspersor Irriga ES;Linha Portátil Irriga ES;3;3" x 1";78,00
101;Saída Aspersor Irriga ES;Linha Portátil Irriga ES;4;3" x 1.1/2";82,00
101;Saída Aspersor Irriga ES;Linha Portátil Irriga ES;5;3" x 2.1/2";88,00
101;Saída Aspersor Irriga ES;Linha Portátil Irriga ES;6;4" x 1";98,00
101;Saída Aspersor Irriga ES;Linha Portátil Irriga ES;7;4" x 1.1/2";105,00
102;Transição Fêmea/Macho Irriga ES x EP;Linha Portátil Irriga EP/ES;0;3";65,00
103;Transição Macho/Fêmea Irriga ES x EP;Linha Portátil Irriga EP/ES;0;3";68,00
104;Aspersor Agropolo NY-25;Aspersores Agropolo;0;Amarelo x Tampão 2,50x0,00mm — 0,354 m³/h — Base 3/4";22,00
104;Aspersor Agropolo NY-25;Aspersores Agropolo;1;Amarelo x Tampão 2,50x0,00mm — 0,354 m³/h — Base 1";22,00
104;Aspersor Agropolo NY-25;Aspersores Agropolo;2;Verde x Tampão 2,80x0,00mm — 0,441 m³/h — Base 3/4";25,00
104;Aspersor Agropolo NY-25;Aspersores Agropolo;3;Verde x Tampão 2,80x0,00mm — 0,441 m³/h — Base 1";25,00
104;Aspersor Agropolo NY-25;Aspersores Agropolo;4;Vermelho x Tampão 3,00x0,00mm — 0,521 m³/h — Base 3/4";27,00
104;Aspersor Agropolo NY-25;Aspersores Agropolo;5;Vermelho x Tampão 3,00x0,00mm — 0,521 m³/h — Base 1";27,00
104;Aspersor Agropolo NY-25;Aspersores Agropolo;6;Azul x Tampão 3,20x0,00mm — 0,606 m³/h — Base 3/4";29,00
104;Aspersor Agropolo NY-25;Aspersores Agropolo;7;Azul x Tampão 3,20x0,00mm — 0,606 m³/h — Base 1";29,00
104;Aspersor Agropolo NY-25;Aspersores Agropolo;8;Amarelo x Cinza 2,50x2,50mm — 0,647 m³/h — Base 3/4";26,00
104;Aspersor Agropolo NY-25;Aspersores Agropolo;9;Amarelo x Cinza 2,50x2,50mm — 0,647 m³/h — Base 1";26,00
104;Aspersor Agropolo NY-25;Aspersores Agropolo;10;Verde x Cinza 2,80x2,50mm — 0,731 m³/h — Base 3/4";29,00
104;Aspersor Agropolo NY-25;Aspersores Agropolo;11;Verde x Cinza 2,80x2,50mm — 0,731 m³/h — Base 1";29,00
104;Aspersor Agropolo NY-25;Aspersores Agropolo;12;Vermelho x Cinza 3,00x2,50mm — 0,821 m³/h — Base 3/4";32,00
104;Aspersor Agropolo NY-25;Aspersores Agropolo;13;Vermelho x Cinza 3,00x2,50mm — 0,821 m³/h — Base 1";32,00
104;Aspersor Agropolo NY-25;Aspersores Agropolo;14;Azul x Cinza 3,20x2,50mm — 0,901 m³/h — Base 3/4";34,00
104;Aspersor Agropolo NY-25;Aspersores Agropolo;15;Azul x Cinza 3,20x2,50mm — 0,901 m³/h — Base 1";34,00
104;Aspersor Agropolo NY-25;Aspersores Agropolo;16;Laranja x Cinza 3,50x2,50mm — 1,072 m³/h — Base 3/4";38,00
104;Aspersor Agropolo NY-25;Aspersores Agropolo;17;Laranja x Cinza 3,50x2,50mm — 1,072 m³/h — Base 1";38,00
105;Aspersor Agropolo NY-30;Aspersores Agropolo;0;Tampão Preto 0mm — 1,44 m³/h — Eixo Nylon (ER);32,00
105;Aspersor Agropolo NY-30;Aspersores Agropolo;1;Tampão Preto 0mm — 1,44 m³/h — Eixo Latão (ERL);42,00
105;Aspersor Agropolo NY-30;Aspersores Agropolo;2;Curto Vermelho 4,00mm — 2,19 m³/h — Eixo Nylon (ER);38,00
105;Aspersor Agropolo NY-30;Aspersores Agropolo;3;Curto Vermelho 4,00mm — 2,19 m³/h — Eixo Latão (ERL);50,00
105;Aspersor Agropolo NY-30;Aspersores Agropolo;4;Longo Roxo 3,00mm — 1,67 m³/h — Eixo Nylon (ER);42,00
105;Aspersor Agropolo NY-30;Aspersores Agropolo;5;Longo Roxo 3,00mm — 1,67 m³/h — Eixo Latão (ERL);55,00
105;Aspersor Agropolo NY-30;Aspersores Agropolo;6;Longo Laranja 4,00mm — 2,26 m³/h — Eixo Nylon (ER);45,00
105;Aspersor Agropolo NY-30;Aspersores Agropolo;7;Longo Laranja 4,00mm — 2,26 m³/h — Eixo Latão (ERL);59,00
105;Aspersor Agropolo NY-30;Aspersores Agropolo;8;Longo Verde 5,00mm — 2,66 m³/h — Eixo Nylon (ER);48,00
105;Aspersor Agropolo NY-30;Aspersores Agropolo;9;Longo Verde 5,00mm — 2,66 m³/h — Eixo Latão (ERL);63,00
105;Aspersor Agropolo NY-30;Aspersores Agropolo;10;Longo Vermelho 6,20mm — 3,53 m³/h — Eixo Nylon (ER);55,00
105;Aspersor Agropolo NY-30;Aspersores Agropolo;11;Longo Vermelho 6,20mm — 3,53 m³/h — Eixo Latão (ERL);72,00
105;Aspersor Agropolo NY-30;Aspersores Agropolo;12;Longo Azul 7,10mm — 4,10 m³/h — Eixo Nylon (ER);62,00
105;Aspersor Agropolo NY-30;Aspersores Agropolo;13;Longo Azul 7,10mm — 4,10 m³/h — Eixo Latão (ERL);81,00
106;Aspersor Agropolo NY-23S (Setorial);Aspersores Agropolo;0;Amarelo 2,5mm — 0,39 m³/h;28,00
106;Aspersor Agropolo NY-23S (Setorial);Aspersores Agropolo;1;Verde 2,8mm — 0,49 m³/h;32,00
106;Aspersor Agropolo NY-23S (Setorial);Aspersores Agropolo;2;Vermelho 3,0mm — 0,56 m³/h;36,00
106;Aspersor Agropolo NY-23S (Setorial);Aspersores Agropolo;3;Azul 3,2mm — 0,64 m³/h;40,00
106;Aspersor Agropolo NY-23S (Setorial);Aspersores Agropolo;4;Laranja 3,5mm — 0,74 m³/h;45,00
107;Válvula de Pé com Crivo;Registros e Válvulas para Bombas;0;3/4";38,00
107;Válvula de Pé com Crivo;Registros e Válvulas para Bombas;1;1";48,00
107;Válvula de Pé com Crivo;Registros e Válvulas para Bombas;2;1.1/4";65,00
107;Válvula de Pé com Crivo;Registros e Válvulas para Bombas;3;1.1/2";82,00
107;Válvula de Pé com Crivo;Registros e Válvulas para Bombas;4;2";115,00
108;Válvula de Retenção Soldável;Registros e Válvulas para Bombas;0;25mm;28,00
108;Válvula de Retenção Soldável;Registros e Válvulas para Bombas;1;32mm;35,00
108;Válvula de Retenção Soldável;Registros e Válvulas para Bombas;2;40mm;48,00
108;Válvula de Retenção Soldável;Registros e Válvulas para Bombas;3;50mm;65,00
108;Válvula de Retenção Soldável;Registros e Válvulas para Bombas;4;60mm;85,00
109;Válvula de Retenção Roscável;Registros e Válvulas para Bombas;0;3/4";32,00
109;Válvula de Retenção Roscável;Registros e Válvulas para Bombas;1;1";42,00
109;Válvula de Retenção Roscável;Registros e Válvulas para Bombas;2;1.1/4";58,00
109;Válvula de Retenção Roscável;Registros e Válvulas para Bombas;3;1.1/2";72,00
109;Válvula de Retenção Roscável;Registros e Válvulas para Bombas;4;2";98,00
110;Registro Esfera VS Soldável;Registros e Válvulas para Bombas;0;20mm;18,00
110;Registro Esfera VS Soldável;Registros e Válvulas para Bombas;1;25mm;22,00
110;Registro Esfera VS Soldável;Registros e Válvulas para Bombas;2;32mm;32,00
110;Registro Esfera VS Soldável;Registros e Válvulas para Bombas;3;40mm;48,00
110;Registro Esfera VS Soldável;Registros e Válvulas para Bombas;4;50mm;68,00
110;Registro Esfera VS Soldável;Registros e Válvulas para Bombas;5;60mm;95,00
111;Registro Esfera VS Roscável;Registros e Válvulas para Bombas;0;1/2";18,00
111;Registro Esfera VS Roscável;Registros e Válvulas para Bombas;1;3/4";24,00
111;Registro Esfera VS Roscável;Registros e Válvulas para Bombas;2;1";34,00
111;Registro Esfera VS Roscável;Registros e Válvulas para Bombas;3;1.1/4";52,00
111;Registro Esfera VS Roscável;Registros e Válvulas para Bombas;4;1.1/2";68,00
111;Registro Esfera VS Roscável;Registros e Válvulas para Bombas;5;2";98,00
112;Registro Esfera VS Compacto;Registros e Válvulas para Bombas;0;20mm;15,00
112;Registro Esfera VS Compacto;Registros e Válvulas para Bombas;1;25mm;18,00
112;Registro Esfera VS Compacto;Registros e Válvulas para Bombas;2;32mm;26,00
112;Registro Esfera VS Compacto;Registros e Válvulas para Bombas;3;40mm;38,00
112;Registro Esfera VS Compacto;Registros e Válvulas para Bombas;4;50mm;55,00
112;Registro Esfera VS Compacto;Registros e Válvulas para Bombas;5;60mm;78,00
113;Registro Esfera VS Duas Porcas;Registros e Válvulas para Bombas;0;75mm;180,00
113;Registro Esfera VS Duas Porcas;Registros e Válvulas para Bombas;1;85mm;220,00
113;Registro Esfera VS Duas Porcas;Registros e Válvulas para Bombas;2;110mm;320,00
114;Registro Esfera com Borboleta;Registros e Válvulas para Bombas;0;1/2";16,00
114;Registro Esfera com Borboleta;Registros e Válvulas para Bombas;1;3/4";20,00
115;Adaptador para Caixa d'Água com Registro;Registros e Válvulas para Bombas;0;20mm;24,00
115;Adaptador para Caixa d'Água com Registro;Registros e Válvulas para Bombas;1;40mm;42,00
115;Adaptador para Caixa d'Água com Registro;Registros e Válvulas para Bombas;2;50mm;58,00
116;Motobomba Centrífuga BC-98;Motobombas Centrífugas Monoestágio (Rotor Fechado);0;1/3 CV — Monofásico;420,00
116;Motobomba Centrífuga BC-98;Motobombas Centrífugas Monoestágio (Rotor Fechado);1;1/2 CV — Monofásico;480,00
117;Motobomba Centrífuga BCR;Motobombas Centrífugas Monoestágio (Rotor Fechado);0;1/4 CV — Monofásico (BCR-2000);380,00
117;Motobomba Centrífuga BCR;Motobombas Centrífugas Monoestágio (Rotor Fechado);1;1/3 CV — Monofásico (BCR-2000);420,00
117;Motobomba Centrífuga BCR;Motobombas Centrífugas Monoestágio (Rotor Fechado);2;1/2 CV — Monofásico (BCR-2000/2010);480,00
117;Motobomba Centrífuga BCR;Motobombas Centrífugas Monoestágio (Rotor Fechado);3;3/4 CV — Monofásico (BCR-2010);580,00
117;Motobomba Centrífuga BCR;Motobombas Centrífugas Monoestágio (Rotor Fechado);4;1 CV — Monofásico (BCR-2010);680,00
118;Motobomba Centrífuga BC-91;Motobombas Centrífugas Monoestágio (Rotor Fechado);0;1/6 CV — Monofásico;350,00
118;Motobomba Centrífuga BC-91;Motobombas Centrífugas Monoestágio (Rotor Fechado);1;1/4 CV — Monofásico;390,00
118;Motobomba Centrífuga BC-91;Motobombas Centrífugas Monoestágio (Rotor Fechado);2;1/3 CV — Monofásico;430,00
118;Motobomba Centrífuga BC-91;Motobombas Centrífugas Monoestágio (Rotor Fechado);3;1/3 CV — Trifásico;400,00
118;Motobomba Centrífuga BC-91;Motobombas Centrífugas Monoestágio (Rotor Fechado);4;1/2 CV — Monofásico;480,00
118;Motobomba Centrífuga BC-91;Motobombas Centrífugas Monoestágio (Rotor Fechado);5;1/2 CV — Trifásico;450,00
118;Motobomba Centrífuga BC-91;Motobombas Centrífugas Monoestágio (Rotor Fechado);6;3/4 CV — Monofásico;580,00
118;Motobomba Centrífuga BC-91;Motobombas Centrífugas Monoestágio (Rotor Fechado);7;3/4 CV — Trifásico;540,00
118;Motobomba Centrífuga BC-91;Motobombas Centrífugas Monoestágio (Rotor Fechado);8;1 CV — Monofásico;680,00
118;Motobomba Centrífuga BC-91;Motobombas Centrífugas Monoestágio (Rotor Fechado);9;1 CV — Trifásico;630,00
119;Motobomba Centrífuga BC-92;Motobombas Centrífugas Monoestágio (Rotor Fechado);0;3/4 CV — Monofásico;650,00
119;Motobomba Centrífuga BC-92;Motobombas Centrífugas Monoestágio (Rotor Fechado);1;3/4 CV — Trifásico;600,00
119;Motobomba Centrífuga BC-92;Motobombas Centrífugas Monoestágio (Rotor Fechado);2;1 CV — Monofásico;750,00
119;Motobomba Centrífuga BC-92;Motobombas Centrífugas Monoestágio (Rotor Fechado);3;1 CV — Trifásico;690,00
119;Motobomba Centrífuga BC-92;Motobombas Centrífugas Monoestágio (Rotor Fechado);4;1.5 CV — Monofásico;950,00
119;Motobomba Centrífuga BC-92;Motobombas Centrífugas Monoestágio (Rotor Fechado);5;1.5 CV — Trifásico;880,00
119;Motobomba Centrífuga BC-92;Motobombas Centrífugas Monoestágio (Rotor Fechado);6;2 CV — Monofásico;1150,00
119;Motobomba Centrífuga BC-92;Motobombas Centrífugas Monoestágio (Rotor Fechado);7;2 CV — Trifásico;1050,00
119;Motobomba Centrífuga BC-92;Motobombas Centrífugas Monoestágio (Rotor Fechado);8;3 CV — Monofásico;1450,00
119;Motobomba Centrífuga BC-92;Motobombas Centrífugas Monoestágio (Rotor Fechado);9;3 CV — Trifásico;1320,00
120;Motobomba Centrífuga BC-21;Motobombas Centrífugas Monoestágio (Rotor Fechado);0;1.5 CV — Monofásico;1200,00
120;Motobomba Centrífuga BC-21;Motobombas Centrífugas Monoestágio (Rotor Fechado);1;1.5 CV — Trifásico;1100,00
120;Motobomba Centrífuga BC-21;Motobombas Centrífugas Monoestágio (Rotor Fechado);2;2 CV — Monofásico;1400,00
120;Motobomba Centrífuga BC-21;Motobombas Centrífugas Monoestágio (Rotor Fechado);3;2 CV — Trifásico;1280,00
120;Motobomba Centrífuga BC-21;Motobombas Centrífugas Monoestágio (Rotor Fechado);4;3 CV — Monofásico;1750,00
120;Motobomba Centrífuga BC-21;Motobombas Centrífugas Monoestágio (Rotor Fechado);5;3 CV — Trifásico;1580,00
120;Motobomba Centrífuga BC-21;Motobombas Centrífugas Monoestágio (Rotor Fechado);6;4 CV — Monofásico;2100,00
120;Motobomba Centrífuga BC-21;Motobombas Centrífugas Monoestágio (Rotor Fechado);7;4 CV — Trifásico;1900,00
120;Motobomba Centrífuga BC-21;Motobombas Centrífugas Monoestágio (Rotor Fechado);8;5 CV — Monofásico;2450,00
120;Motobomba Centrífuga BC-21;Motobombas Centrífugas Monoestágio (Rotor Fechado);9;5 CV — Trifásico;2200,00
120;Motobomba Centrífuga BC-21;Motobombas Centrífugas Monoestágio (Rotor Fechado);10;7.5 CV — Trifásico;3100,00
120;Motobomba Centrífuga BC-21;Motobombas Centrífugas Monoestágio (Rotor Fechado);11;10 CV — Trifásico;3900,00
120;Motobomba Centrífuga BC-21;Motobombas Centrífugas Monoestágio (Rotor Fechado);12;12.5 CV — Trifásico;4700,00
120;Motobomba Centrífuga BC-21;Motobombas Centrífugas Monoestágio (Rotor Fechado);13;15 CV — Trifásico;5500,00
121;Motobomba Centrífuga BC-22;Motobombas Centrífugas Monoestágio (Rotor Fechado);0;3 CV — Monofásico;1900,00
121;Motobomba Centrífuga BC-22;Motobombas Centrífugas Monoestágio (Rotor Fechado);1;3 CV — Trifásico;1720,00
121;Motobomba Centrífuga BC-22;Motobombas Centrífugas Monoestágio (Rotor Fechado);2;4 CV — Monofásico;2250,00
121;Motobomba Centrífuga BC-22;Motobombas Centrífugas Monoestágio (Rotor Fechado);3;4 CV — Trifásico;2050,00
121;Motobomba Centrífuga BC-22;Motobombas Centrífugas Monoestágio (Rotor Fechado);4;5 CV — Monofásico;2550,00
121;Motobomba Centrífuga BC-22;Motobombas Centrífugas Monoestágio (Rotor Fechado);5;5 CV — Trifásico;2320,00
121;Motobomba Centrífuga BC-22;Motobombas Centrífugas Monoestágio (Rotor Fechado);6;7.5 CV — Trifásico;3250,00
121;Motobomba Centrífuga BC-22;Motobombas Centrífugas Monoestágio (Rotor Fechado);7;10 CV — Trifásico;4100,00
121;Motobomba Centrífuga BC-22;Motobombas Centrífugas Monoestágio (Rotor Fechado);8;12.5 CV — Trifásico;4950,00
121;Motobomba Centrífuga BC-22;Motobombas Centrífugas Monoestágio (Rotor Fechado);9;15 CV — Trifásico;5800,00
121;Motobomba Centrífuga BC-22;Motobombas Centrífugas Monoestágio (Rotor Fechado);10;20 CV — Trifásico;7200,00
121;Motobomba Centrífuga BC-22;Motobombas Centrífugas Monoestágio (Rotor Fechado);11;25 CV — Trifásico;8700,00
122;Motobomba Centrífuga BC-23;Motobombas Centrífugas Monoestágio (Rotor Fechado);0;12.5 CV — Trifásico;5800,00
122;Motobomba Centrífuga BC-23;Motobombas Centrífugas Monoestágio (Rotor Fechado);1;15 CV — Trifásico;6700,00
122;Motobomba Centrífuga BC-23;Motobombas Centrífugas Monoestágio (Rotor Fechado);2;20 CV — Trifásico;8200,00
122;Motobomba Centrífuga BC-23;Motobombas Centrífugas Monoestágio (Rotor Fechado);3;25 CV — Trifásico;9800,00
122;Motobomba Centrífuga BC-23;Motobombas Centrífugas Monoestágio (Rotor Fechado);4;30 CV — Trifásico;11500,00
123;Motobomba Centrífuga MSA-21;Motobombas Centrífugas Monoestágio (Rotor Semiaberto);0;4 CV — Trifásico;2600,00
123;Motobomba Centrífuga MSA-21;Motobombas Centrífugas Monoestágio (Rotor Semiaberto);1;5 CV — Trifásico;2900,00
123;Motobomba Centrífuga MSA-21;Motobombas Centrífugas Monoestágio (Rotor Semiaberto);2;7.5 CV — Trifásico;3700,00
123;Motobomba Centrífuga MSA-21;Motobombas Centrífugas Monoestágio (Rotor Semiaberto);3;10 CV — Trifásico;4600,00
123;Motobomba Centrífuga MSA-21;Motobombas Centrífugas Monoestágio (Rotor Semiaberto);4;12.5 CV — Trifásico;5500,00
123;Motobomba Centrífuga MSA-21;Motobombas Centrífugas Monoestágio (Rotor Semiaberto);5;15 CV — Trifásico;6400,00
123;Motobomba Centrífuga MSA-21;Motobombas Centrífugas Monoestágio (Rotor Semiaberto);6;20 CV — Trifásico;7900,00
124;Motobomba Centrífuga MSA-22;Motobombas Centrífugas Monoestágio (Rotor Semiaberto);0;5 CV — Trifásico;3100,00
124;Motobomba Centrífuga MSA-22;Motobombas Centrífugas Monoestágio (Rotor Semiaberto);1;7.5 CV — Trifásico;3950,00
124;Motobomba Centrífuga MSA-22;Motobombas Centrífugas Monoestágio (Rotor Semiaberto);2;10 CV — Trifásico;4900,00
124;Motobomba Centrífuga MSA-22;Motobombas Centrífugas Monoestágio (Rotor Semiaberto);3;12.5 CV — Trifásico;5850,00
124;Motobomba Centrífuga MSA-22;Motobombas Centrífugas Monoestágio (Rotor Semiaberto);4;15 CV — Trifásico;6800,00
124;Motobomba Centrífuga MSA-22;Motobombas Centrífugas Monoestágio (Rotor Semiaberto);5;20 CV — Trifásico;8300,00
125;Motobomba Centrífuga de Aço Inox MCI;Motobombas Centrífugas de Aço Inox (Rotor Semiaberto);0;1/2 CV — Trifásico (MCI-RE);1450,00
125;Motobomba Centrífuga de Aço Inox MCI;Motobombas Centrífugas de Aço Inox (Rotor Semiaberto);1;3/4 CV — Trifásico (MCI-RE);1650,00
125;Motobomba Centrífuga de Aço Inox MCI;Motobombas Centrífugas de Aço Inox (Rotor Semiaberto);2;1 CV — Trifásico (MCI-RE);1900,00
125;Motobomba Centrífuga de Aço Inox MCI;Motobombas Centrífugas de Aço Inox (Rotor Semiaberto);3;1.5 CV — Trifásico (MCI-RE);2400,00
125;Motobomba Centrífuga de Aço Inox MCI;Motobombas Centrífugas de Aço Inox (Rotor Semiaberto);4;2 CV — Trifásico (MCI-RQ);2900,00
125;Motobomba Centrífuga de Aço Inox MCI;Motobombas Centrífugas de Aço Inox (Rotor Semiaberto);5;3 CV — Trifásico (MCI-RQ);3700,00
125;Motobomba Centrífuga de Aço Inox MCI;Motobombas Centrífugas de Aço Inox (Rotor Semiaberto);6;4 CV — Trifásico (MCI-RQ);4500,00
125;Motobomba Centrífuga de Aço Inox MCI;Motobombas Centrífugas de Aço Inox (Rotor Semiaberto);7;5 CV — Trifásico (MCI-RQ);5300,00
125;Motobomba Centrífuga de Aço Inox MCI;Motobombas Centrífugas de Aço Inox (Rotor Semiaberto);8;7.5 CV — Trifásico (MCI-RQ);6800,00